_id,company,domain,staff,products,address
1,Flipstorm,sphinn.com,36,2611,54 Sycamore Trail
2,Realbuzz,joomla.org,726,9871,59759 Eliot Way
3,Skiptube,storify.com,706,227,463 Caliangt Center
4,Jamia,cnn.com,385,7981,91 Kenwood Lane
5,Riffpath,surveymonkey.com,357,5232,69285 Debra Plaza
6,Fatz,sphinn.com,409,5058,221 Florence Street
7,Babbleblab,independent.co.uk,845,8724,8145 Michigan Street
8,Rhycero,wordpress.com,990,7970,0659 Warrior Parkway
9,Chatterbridge,ning.com,976,959,23910 Burrows Drive
10,Quire,webmd.com,959,4973,984 Warner Crossing
11,Oloo,soundcloud.com,704,361,1 Pine View Street
12,Skinte,github.io,61,7653,34999 Blaine Trail
13,Feedspan,hostgator.com,86,9892,3496 Mitchell Pass
14,Twitterworks,reverbnation.com,518,130,4795 Hansons Avenue
15,Twitterbridge,foxnews.com,795,9773,831 Blue Bill Park Street
16,Yoveo,opera.com,822,996,9454 Mitchell Court
17,Jaxbean,geocities.jp,728,882,33 Lake View Junction
18,Aimbo,youku.com,592,7385,25708 Dottie Alley
19,Dabshots,jimdo.com,737,3869,2881 Ilene Place
20,Browsecat,symantec.com,107,1096,02546 Homewood Pass
21,Einti,telegraph.co.uk,359,5316,1 Victoria Avenue
22,Fanoodle,blinklist.com,204,4721,17 Di Loreto Drive
23,Teklist,yellowpages.com,967,759,52544 Schurz Crossing
24,Devcast,ucsd.edu,406,7160,933 Golden Leaf Lane
25,Edgeclub,hp.com,448,5913,0318 Golf View Plaza
26,Blogpad,senate.gov,522,2611,6013 Lakewood Pass
27,Yabox,pen.io,930,6410,9940 Lerdahl Court
28,Yakitri,google.ca,991,4893,09820 Starling Park
29,Trudoo,gmpg.org,544,7460,48851 American Ash Way
30,Kimia,flavors.me,733,4297,9087 Sugar Crossing
31,Yakijo,springer.com,400,1913,02 Lunder Road
32,Realpoint,geocities.com,395,697,02 Lyons Plaza
33,Edgetag,shop-pro.jp,974,2503,63 Transport Junction
34,Kaymbo,mashable.com,257,9769,7 Dunning Avenue
35,Dabshots,cnet.com,179,7306,85437 Dixon Point
36,Wikibox,devhub.com,893,37,6 Longview Circle
37,Demizz,java.com,545,5726,15991 Luster Drive
38,Topicstorm,biglobe.ne.jp,83,3606,4 Northridge Drive
39,Quatz,yale.edu,632,6485,10 Washington Hill
40,Yambee,stumbleupon.com,120,9472,44794 Porter Park
41,Realbridge,tripadvisor.com,482,6336,402 Butterfield Crossing
42,Meetz,discuz.net,744,808,50 Beilfuss Plaza
43,Vinder,theatlantic.com,978,4231,4038 Springview Drive
44,Wikido,cpanel.net,441,3945,1 Heffernan Pass
45,Innotype,blogtalkradio.com,146,3392,694 Superior Court
46,Fatz,vkontakte.ru,708,7896,28203 Norway Maple Point
47,Wordware,miitbeian.gov.cn,779,224,7986 Melrose Drive
48,Livetube,topsy.com,53,6564,43745 Anzinger Parkway
49,Skivee,dmoz.org,569,2576,8 Colorado Parkway
50,Photobug,accuweather.com,477,9641,4 Garrison Crossing
51,Skajo,nymag.com,581,4980,434 Mccormick Crossing
52,Reallinks,huffingtonpost.com,72,6116,89 Ridgeway Way
53,Jetwire,samsung.com,912,1878,2 Old Gate Point
54,Edgetag,google.nl,650,8101,60 Londonderry Lane
55,Fivechat,prlog.org,190,9916,9 American Place
56,Ntags,soup.io,702,9040,7164 Oakridge Crossing
57,Skippad,bing.com,591,8810,1357 Sutherland Park
58,Eare,github.io,992,2399,7732 Meadow Vale Circle
59,Jabbertype,shop-pro.jp,741,9658,04 Colorado Drive
60,Linkbuzz,tinyurl.com,528,8217,2 Knutson Pass
61,Aimbu,wordpress.org,442,9124,84 Donald Street
62,Latz,loc.gov,457,8622,8958 Carey Court
63,Vimbo,abc.net.au,561,3230,9386 Union Circle
64,Chatterbridge,washingtonpost.com,688,3343,3636 Badeau Street
65,Jabbersphere,merriam-webster.com,162,4438,42 Atwood Center
66,Tambee,netscape.com,96,1641,9085 Messerschmidt Way
67,Skilith,paginegialle.it,737,9983,3 Luster Hill
68,Janyx,hubpages.com,926,6240,48996 Boyd Terrace
69,Flipbug,sun.com,876,7527,7 Schurz Place
70,Twitterlist,blogs.com,940,5634,0701 Butterfield Court
71,Livepath,google.com.au,449,807,2898 Birchwood Crossing
72,Devshare,ebay.co.uk,607,2647,7080 Cascade Alley
73,Thoughtstorm,blinklist.com,161,5186,473 Mockingbird Lane
74,Meembee,mayoclinic.com,743,4455,6833 Atwood Drive
75,Npath,wisc.edu,350,5884,27 Tennyson Road
76,Zoozzy,google.com.hk,942,9728,5190 Briar Crest Drive
77,Skidoo,barnesandnoble.com,804,2376,75 Northwestern Parkway
78,Gabtune,wp.com,752,5447,0 Lotheville Center
79,Oba,hhs.gov,518,5729,54 New Castle Terrace
80,Gabvine,cdbaby.com,426,1598,1593 Debra Lane
81,Plambee,webnode.com,693,7241,1692 Graceland Drive
82,Realbridge,people.com.cn,115,2483,524 Lake View Avenue
83,Nlounge,soup.io,248,2589,5 Commercial Plaza
84,Blogtag,privacy.gov.au,235,3694,8 Kensington Pass
85,Gabspot,patch.com,375,5471,2 Bartelt Circle
86,Jatri,squidoo.com,91,2246,17 Kipling Hill
87,Photolist,printfriendly.com,796,9048,81269 Bunting Pass
88,Jatri,jalbum.net,732,7617,6517 Fuller Place
89,Babblestorm,npr.org,951,1627,41609 Hooker Hill
90,Twinder,google.co.jp,198,1519,351 Elmside Crossing
91,Photobug,theatlantic.com,675,2508,39 Dovetail Hill
92,Quatz,skype.com,850,8780,4 Dennis Circle
93,Oloo,aboutads.info,765,4181,99 Corry Court
94,Skiptube,wikipedia.org,650,5192,15 Crownhardt Court
95,Riffwire,examiner.com,976,3888,7 Sage Crossing
96,Browsebug,opera.com,652,814,75322 Bay Place
97,Babbleblab,twitter.com,23,467,6 Welch Trail
98,Tavu,wisc.edu,175,9819,9764 Prentice Place
99,Blogtag,washingtonpost.com,616,8590,948 Westerfield Trail
100,BlogXS,issuu.com,742,9597,1994 Jay Road
101,Devify,usda.gov,292,7525,3442 Bowman Avenue
102,Vipe,go.com,572,6416,509 Jenifer Court
103,Babbleblab,senate.gov,2,586,05 Toban Point
104,Blogpad,ox.ac.uk,358,9124,7 Grasskamp Alley
105,Rhyloo,reuters.com,73,1893,8406 Scofield Junction
106,Avamm,ted.com,360,8414,8 Eastlawn Crossing
107,Quatz,multiply.com,460,3378,136 Crownhardt Trail
108,Flipbug,mayoclinic.com,452,334,87664 Meadow Ridge Plaza
109,Bluezoom,google.fr,223,7759,8323 Holy Cross Park
110,Zooxo,issuu.com,457,5326,141 4th Junction
111,Livepath,blogs.com,234,2424,50 Holmberg Court
112,Wikizz,berkeley.edu,993,5748,9 Florence Terrace
113,Demivee,vinaora.com,820,6735,7800 Prairieview Drive
114,Meemm,sphinn.com,967,4146,2514 Maple Lane
115,Yambee,twitpic.com,890,1217,95433 Warner Point
116,Cogilith,abc.net.au,440,6620,979 Lighthouse Bay Point
117,Gabtype,dion.ne.jp,53,7283,61 Grover Crossing
118,BlogXS,paypal.com,971,2260,89 Anthes Crossing
119,Thoughtmix,domainmarket.com,59,7214,1995 La Follette Point
120,Camimbo,last.fm,961,2656,02 Esker Place
121,Oyoba,discovery.com,227,7455,1965 Pine View Terrace
122,Skilith,ucla.edu,416,6229,036 Linden Way
123,Dynabox,ycombinator.com,4,1592,5535 Valley Edge Terrace
124,Twitterlist,arizona.edu,1,60,64 Butternut Avenue
125,Yadel,npr.org,816,2923,5668 Maple Hill
126,Linktype,hhs.gov,204,8691,56664 Ryan Road
127,Viva,rediff.com,816,8683,577 Florence Circle
128,Zoomdog,i2i.jp,526,8609,816 Morningstar Drive
129,Minyx,boston.com,278,5196,61 Kropf Circle
130,Livetube,ow.ly,872,3996,97898 Mallard Center
131,Edgeclub,smh.com.au,120,1939,777 Canary Junction
132,Flashset,youtube.com,875,8316,18 New Castle Road
133,Realpoint,bing.com,682,9292,6 Nancy Crossing
134,Topdrive,google.com,789,8190,053 Carberry Alley
135,Myworks,hibu.com,181,4782,6 Green Hill
136,Edgewire,stanford.edu,118,6215,9 Grover Road
137,Thoughtworks,bing.com,614,6982,06479 Kipling Crossing
138,Skibox,sitemeter.com,106,9011,6 Chive Pass
139,Feedbug,opensource.org,408,5167,02054 Stephen Crossing
140,Skajo,hc360.com,568,5775,714 High Crossing Way
141,Roodel,cnbc.com,387,5638,030 Forest Run Pass
142,Demivee,booking.com,868,513,84294 Fordem Drive
143,Fanoodle,telegraph.co.uk,20,3844,53049 Cardinal Way
144,Dabfeed,unesco.org,908,6420,88672 Homewood Pass
145,Buzzdog,amazon.com,134,2035,681 Crescent Oaks Place
146,Yozio,cocolog-nifty.com,894,9523,72 Arapahoe Way
147,Brightdog,fda.gov,206,1573,32 Lerdahl Lane
148,Oyoyo,about.me,88,2199,10 Rigney Point
149,Trupe,examiner.com,571,1625,8462 Talmadge Avenue
150,Yombu,g.co,721,1294,754 Esker Trail
151,Omba,upenn.edu,900,9291,37593 Lindbergh Road
152,LiveZ,clickbank.net,88,8281,51 Bayside Alley
153,Youtags,bizjournals.com,218,7992,24 Bobwhite Junction
154,Twitternation,woothemes.com,80,9616,09 Fuller Terrace
155,Eamia,wunderground.com,646,7486,739 Schurz Crossing
156,Trilith,about.me,89,588,7 Towne Circle
157,Bubblebox,webs.com,656,4985,85502 Drewry Lane
158,Eire,mac.com,428,2876,298 Dennis Circle
159,Browsedrive,vinaora.com,862,8272,719 Esker Drive
160,Oba,wikia.com,896,8147,235 Kenwood Parkway
161,Yotz,prnewswire.com,794,305,522 Straubel Junction
162,Quimba,craigslist.org,22,9844,7 Melody Drive
163,Fiveclub,yandex.ru,688,69,10059 Ramsey Alley
164,Skyndu,zimbio.com,998,455,28 Hanover Drive
165,Quire,va.gov,585,2526,5975 Loeprich Avenue
166,Zazio,nyu.edu,474,2380,7145 Manufacturers Park
167,Quire,1688.com,812,6020,5 Eliot Place
168,Trunyx,cornell.edu,725,9306,110 Blackbird Crossing
169,Camido,latimes.com,41,1380,31 Bluestem Street
170,Npath,t.co,797,4533,36 Beilfuss Drive
171,Topiczoom,exblog.jp,406,113,2 Straubel Road
172,Voonte,histats.com,656,3775,93 Chive Parkway
173,Kamba,dagondesign.com,192,5574,9812 Luster Terrace
174,Edgewire,hexun.com,593,8328,02950 Sachtjen Park
175,Buzzbean,parallels.com,374,7892,753 Glendale Street
176,Yodel,marketwatch.com,487,5860,9200 Cardinal Trail
177,Skibox,ed.gov,374,5177,10 Vidon Hill
178,Kazu,hud.gov,973,1624,404 Judy Court
179,Avamm,va.gov,883,470,77 Moland Crossing
180,Edgeclub,economist.com,385,3953,8870 Claremont Avenue
181,Babbleopia,squarespace.com,865,1472,69 West Road
182,Meevee,alexa.com,434,195,67 Sherman Pass
183,Twitternation,miibeian.gov.cn,102,5819,2587 Kensington Court
184,Feedmix,businesswire.com,810,6680,0105 Lindbergh Junction
185,Eabox,eepurl.com,409,5015,4 Paget Point
186,Dabshots,bigcartel.com,706,3305,94595 Kennedy Hill
187,Topicblab,storify.com,685,9608,328 Carey Avenue
188,Twiyo,edublogs.org,811,4536,91 Atwood Avenue
189,Livepath,alibaba.com,526,8117,59 Homewood Lane
190,Plambee,tripadvisor.com,354,4617,73 Acker Plaza
191,Bubblemix,house.gov,739,7663,24528 Dexter Junction
192,Zoombox,sbwire.com,818,9924,6428 Washington Crossing
193,Skippad,dot.gov,641,4021,26599 Manufacturers Road
194,Divanoodle,squidoo.com,861,7916,49209 Mariners Cove Place
195,Dabjam,wikimedia.org,560,8667,60 Stone Corner Place
196,Pixoboo,mysql.com,537,9629,9925 Express Drive
197,Zoozzy,google.es,761,5299,72353 Shoshone Parkway
198,Blognation,theatlantic.com,560,3672,2052 Huxley Point
199,Twitterlist,networksolutions.com,473,428,91 Mitchell Road
200,Thoughtbeat,delicious.com,498,4678,6223 Vernon Trail
201,Zoovu,yandex.ru,704,4257,72591 Clarendon Circle
202,Twimbo,un.org,797,2654,654 Dennis Circle
203,Livefish,mlb.com,921,6252,370 Ridgeview Plaza
204,Trilith,hexun.com,641,6805,225 Packers Avenue
205,Riffwire,nyu.edu,655,427,1 Lakeland Junction
206,Dynabox,reference.com,724,4569,6 Merchant Hill
207,Photofeed,springer.com,867,4392,713 Oak Valley Street
208,Gigashots,redcross.org,55,7718,092 Victoria Hill
209,Shufflester,facebook.com,795,9963,866 Pierstorff Plaza
210,Aibox,hatena.ne.jp,326,5914,03117 Spenser Hill
211,Oyoloo,arstechnica.com,290,1416,1 Grim Pass
212,Cogibox,netscape.com,37,8680,83 Hanson Pass
213,Thoughtbridge,java.com,921,1742,7472 Mayfield Hill
214,Roombo,sakura.ne.jp,854,1288,6968 Daystar Terrace
215,Yacero,a8.net,885,1341,2768 Village Green Center
216,Tanoodle,vimeo.com,718,3746,08938 Arrowood Alley
217,Feedfire,intel.com,984,1049,9569 Burrows Lane
218,Jetwire,ehow.com,449,5471,2558 Declaration Street
219,Eayo,timesonline.co.uk,44,7742,71 2nd Lane
220,Vinder,upenn.edu,106,8359,709 Corry Street
221,Tekfly,cornell.edu,782,7960,14 North Court
222,Thoughtmix,statcounter.com,495,3043,6 Carioca Circle
223,Browsedrive,mail.ru,912,91,38273 Norway Maple Road
224,Demivee,cbslocal.com,369,8637,56 Gateway Hill
225,Skyble,godaddy.com,374,6870,7 Farragut Terrace
226,Zoomlounge,disqus.com,553,3511,4 Troy Place
227,Oyope,businessweek.com,587,446,571 Cardinal Trail
228,Quatz,stumbleupon.com,581,8203,0604 School Trail
229,Buzzshare,dedecms.com,814,629,7 Surrey Pass
230,Skibox,theatlantic.com,494,5661,2 Forster Point
231,Ntags,sciencedirect.com,127,3741,7677 Del Mar Junction
232,Cogidoo,google.es,754,9907,62 Dexter Parkway
233,Fatz,people.com.cn,945,5604,5648 Huxley Lane
234,Feedmix,seesaa.net,600,6227,914 Mayfield Lane
235,Jetpulse,redcross.org,589,1936,35 Dixon Avenue
236,Realcube,cafepress.com,813,8463,08416 Old Shore Lane
237,Lazzy,jiathis.com,964,8414,4531 Dryden Street
238,Miboo,state.tx.us,160,4258,825 Lindbergh Way
239,Trilia,odnoklassniki.ru,397,3208,6 Hintze Trail
240,Nlounge,flavors.me,174,189,58 Sage Place
241,Wikizz,unicef.org,732,2311,174 Kropf Parkway
242,Dabfeed,parallels.com,132,9845,14 La Follette Way
243,Browsetype,fc2.com,587,6740,36 Daystar Street
244,Twitterbridge,shutterfly.com,215,5863,634 Union Terrace
245,Aivee,dyndns.org,400,4169,7 Melby Circle
246,Youbridge,people.com.cn,538,31,0 Rowland Alley
247,Skidoo,w3.org,338,1096,05 Garrison Place
248,Wordpedia,imgur.com,323,3863,3 Del Sol Court
249,Flashset,hc360.com,702,8711,1229 Eagle Crest Point
250,Tambee,ox.ac.uk,517,8008,64970 Emmet Pass
251,Twitterlist,so-net.ne.jp,193,2657,38 Southridge Avenue
252,Digitube,prlog.org,739,965,6 Northridge Center
253,Rhybox,plala.or.jp,988,7892,4868 John Wall Street
254,Quaxo,jigsy.com,961,9499,6 Loftsgordon Parkway
255,Livepath,google.ru,412,9730,39939 Eastlawn Center
256,Buzzbean,hp.com,971,8795,6580 Green Ridge Court
257,Bubblemix,miibeian.gov.cn,750,5111,43670 American Trail
258,Yakijo,adobe.com,989,1088,7303 Hintze Hill
259,Avaveo,gravatar.com,493,9036,57830 New Castle Place
260,Twinte,yandex.ru,917,171,0 Merry Hill
261,Innojam,g.co,35,2264,433 Welch Pass
262,Izio,gravatar.com,160,1744,7 Bay Way
263,Vipe,senate.gov,88,5980,570 Maywood Street
264,Wikibox,hatena.ne.jp,757,4099,9 Monica Lane
265,Meezzy,squarespace.com,679,5251,0004 Michigan Point
266,Yabox,nasa.gov,185,6181,9647 Hagan Circle
267,Avamm,google.pl,217,8078,60387 Canary Trail
268,Muxo,github.io,903,6809,93478 Kenwood Point
269,Devshare,slideshare.net,980,6951,7427 Commercial Terrace
270,Jabbersphere,state.gov,687,3550,9288 Carey Trail
271,Vinder,rambler.ru,378,1976,27587 Anderson Crossing
272,Ainyx,people.com.cn,480,7875,73258 Vernon Parkway
273,JumpXS,newyorker.com,531,8549,0285 Ridgeway Point
274,Zoovu,ucoz.ru,46,8481,67 Chive Road
275,Zoonder,redcross.org,813,2208,33 Summerview Lane
276,Wikivu,mac.com,762,366,01 Helena Avenue
277,Oyonder,alibaba.com,682,1461,33300 3rd Lane
278,Linkbuzz,jugem.jp,822,7358,67691 Packers Court
279,Demivee,omniture.com,700,1906,38 Dovetail Park
280,Edgepulse,smugmug.com,794,7742,82212 Linden Crossing
281,Roombo,elpais.com,992,9844,61570 Rieder Parkway
282,Rhyloo,php.net,731,3703,4 Village Green Hill
283,BlogXS,sourceforge.net,51,6623,09 Dwight Street
284,Aibox,multiply.com,87,9810,69 Scoville Center
285,Vidoo,issuu.com,452,1907,47853 Waywood Trail
286,Izio,nba.com,336,7603,150 Kings Avenue
287,Blogpad,google.fr,761,190,8 Cherokee Court
288,Yacero,so-net.ne.jp,661,7105,3 Heath Avenue
289,Jazzy,paginegialle.it,699,613,2 1st Avenue
290,Youtags,squidoo.com,24,4684,11 Independence Alley
291,Quaxo,addthis.com,939,900,151 Lotheville Drive
292,Babbleset,fema.gov,762,3529,79 Ilene Avenue
293,Youspan,canalblog.com,15,5103,4170 Russell Junction
294,Ooba,mit.edu,635,9245,3506 Heffernan Trail
295,Kimia,tmall.com,29,3105,893 Algoma Park
296,Kwideo,behance.net,174,7744,10 Prentice Junction
297,Youspan,cbc.ca,310,8373,385 Surrey Road
298,Meezzy,netscape.com,500,4288,4 Columbus Park
299,Vipe,sogou.com,934,177,649 Basil Alley
300,Aimbo,furl.net,662,6037,73 Mayfield Trail
301,Twitterwire,wired.com,678,157,0 Lawn Point
302,Mymm,columbia.edu,469,3924,07 Hovde Center
303,Livetube,cyberchimps.com,902,3167,603 Haas Circle
304,Zazio,answers.com,213,7761,0 Lighthouse Bay Street
305,Brainverse,tripod.com,306,5157,7868 Schmedeman Road
306,Brainverse,who.int,593,1006,778 Duke Terrace
307,Yoveo,amazon.de,980,6133,209 Russell Parkway
308,Katz,ibm.com,367,1080,514 Maple Wood Junction
309,Shufflester,pinterest.com,259,9764,77 Browning Lane
310,Gigabox,newyorker.com,214,8317,2912 Bellgrove Lane
311,Tagcat,cnet.com,459,2020,40 Sunbrook Hill
312,Vinder,theguardian.com,333,9133,36284 Westerfield Way
313,Feedfire,engadget.com,468,9112,478 Elmside Avenue
314,Meevee,java.com,681,612,56359 Carberry Circle
315,Rhynyx,xrea.com,598,6271,42 Springs Place
316,Kwinu,cnbc.com,547,733,7845 Warrior Crossing
317,Realmix,facebook.com,327,8293,437 Cody Place
318,Thoughtmix,ebay.co.uk,159,5534,580 Glacier Hill Trail
319,Brainlounge,nyu.edu,878,6904,4 Waywood Crossing
320,Ooba,ameblo.jp,500,6699,988 Manufacturers Court
321,Zoovu,list-manage.com,158,7308,1 Memorial Center
322,Gabvine,house.gov,480,5324,462 Summerview Court
323,Thoughtstorm,ocn.ne.jp,873,7220,706 Jenna Pass
324,Skyndu,soundcloud.com,499,2001,84 Independence Crossing
325,Ainyx,multiply.com,747,3412,97 Elka Avenue
326,Layo,g.co,450,2619,2088 Carberry Park
327,Topicware,msn.com,348,868,10 Carpenter Pass
328,Meezzy,123-reg.co.uk,965,8089,6159 Carberry Trail
329,Skidoo,ehow.com,750,8646,61555 Corry Terrace
330,Kimia,google.com.br,240,9463,7 Harper Trail
331,Trunyx,lycos.com,366,8162,32 Grover Plaza
332,Yakijo,about.com,581,2043,3 Redwing Court
333,Thoughtbridge,google.es,614,2557,250 Badeau Parkway
334,Cogidoo,disqus.com,294,5566,42356 Bellgrove Trail
335,Jamia,wix.com,721,355,56944 Lakewood Center
336,Demimbu,drupal.org,81,8268,698 Bultman Hill
337,Blogtag,usatoday.com,890,402,08601 Brown Trail
338,Zoomcast,lycos.com,947,1293,20493 Goodland Trail
339,Buzzshare,telegraph.co.uk,504,3543,2572 Loomis Lane
340,DabZ,imageshack.us,443,3816,771 Messerschmidt Place
341,Oyoloo,ted.com,525,2706,2068 Golf Course Pass
342,Npath,1688.com,125,1159,5542 Delaware Avenue
343,Skyndu,pagesperso-orange.fr,718,989,164 Vahlen Point
344,Jaxnation,latimes.com,555,2389,783 Monica Pass
345,Tavu,indiatimes.com,630,7905,8 Butternut Court
346,Skippad,house.gov,563,5590,6498 Hollow Ridge Junction
347,Topiczoom,squarespace.com,890,6543,702 Haas Hill
348,Feednation,g.co,658,7845,427 Crownhardt Lane
349,Jaxbean,mlb.com,437,4246,74 Di Loreto Drive
350,Avamm,feedburner.com,626,3323,7938 Mosinee Avenue
351,Blogtags,sphinn.com,381,5826,4 Atwood Point
352,Fanoodle,shutterfly.com,192,7226,04517 Dunning Hill
353,Skyba,naver.com,419,6865,40715 Logan Pass
354,Chatterbridge,buzzfeed.com,726,7115,56324 Washington Lane
355,Omba,nba.com,459,5622,45818 Raven Hill
356,Rhyloo,google.com.au,606,7372,1 Dwight Circle
357,Kwilith,com.com,55,5253,0852 Lotheville Street
358,Devify,ihg.com,388,8366,38 Schlimgen Park
359,Twitterbridge,shutterfly.com,558,3551,89 Holmberg Crossing
360,Youspan,samsung.com,795,8422,27 Bunting Way
361,Centimia,behance.net,658,3908,621 Crescent Oaks Crossing
362,Browsetype,mozilla.org,41,9661,1088 Sunbrook Park
363,Yakijo,mashable.com,524,7421,4 Oak Alley
364,Aimbo,europa.eu,132,2795,1 Londonderry Crossing
365,Zazio,japanpost.jp,452,994,03 Laurel Alley
366,Babblestorm,aboutads.info,835,4469,4554 Pepper Wood Point
367,Voolia,yellowpages.com,847,1636,6470 Cambridge Terrace
368,Kaymbo,google.pl,319,9466,14748 Kinsman Alley
369,Mynte,bbc.co.uk,55,7329,5 Shoshone Lane
370,Yabox,opensource.org,451,9850,87874 Dapin Plaza
371,Rhynoodle,paypal.com,609,4783,09536 Tomscot Alley
372,Realmix,goodreads.com,743,2351,27979 Beilfuss Avenue
373,Trudoo,netscape.com,619,1266,6354 Old Gate Parkway
374,Minyx,gov.uk,951,1411,220 Bobwhite Parkway
375,Photospace,archive.org,714,2865,3 American Road
376,Eare,merriam-webster.com,439,1138,6793 Sage Circle
377,Yakijo,huffingtonpost.com,711,7866,7 Kedzie Way
378,Janyx,over-blog.com,810,2577,37836 Pleasure Point
379,Edgeblab,nymag.com,319,1501,9219 Corry Way
380,Dazzlesphere,squidoo.com,82,4450,7 Coolidge Court
381,Meedoo,g.co,1000,821,768 Bowman Road
382,Ailane,over-blog.com,815,982,654 Shopko Lane
383,Wikivu,irs.gov,620,4527,39 Kennedy Circle
384,Quinu,google.co.jp,994,274,00 Oak Crossing
385,Voolia,tinypic.com,108,6995,6 Springview Road
386,Jetpulse,google.fr,663,1525,5025 Pankratz Way
387,Skajo,kickstarter.com,945,3560,00347 Calypso Point
388,Jabbersphere,earthlink.net,662,162,8590 Village Circle
389,Roombo,oracle.com,327,8512,68815 4th Place
390,Thoughtworks,amazon.co.uk,83,6429,00 Magdeline Drive
391,Yakijo,bizjournals.com,219,5413,5 Riverside Drive
392,Lajo,wikia.com,445,1933,201 Monica Plaza
393,Fivebridge,wufoo.com,282,2088,821 Coleman Circle
394,Eare,state.gov,537,2773,62467 Coleman Parkway
395,Twimm,theglobeandmail.com,625,5123,65607 Duke Parkway
396,Jabberbean,illinois.edu,744,5110,0 Susan Court
397,Rhyzio,ed.gov,714,8196,3694 Carioca Lane
398,Jetpulse,plala.or.jp,891,8413,200 Becker Place
399,Photobug,disqus.com,552,4665,071 Upham Plaza
400,Agimba,google.com.hk,194,7228,6 Mariners Cove Court
401,Livetube,cnbc.com,141,7906,11 Canary Road
402,Linkbridge,ihg.com,973,5671,33358 Forster Parkway
403,Npath,wp.com,800,2391,43554 Del Sol Street
404,Gigaclub,mashable.com,970,645,16 Haas Crossing
405,Jetpulse,creativecommons.org,969,8819,78 Farwell Lane
406,Mycat,smh.com.au,237,7190,15 Eliot Drive
407,Bubblemix,hc360.com,890,6423,60 Sullivan Junction
408,Babbleopia,thetimes.co.uk,936,6355,79 Ohio Lane
409,Photospace,xinhuanet.com,717,4850,2648 Badeau Drive
410,Bluezoom,example.com,359,5300,71 Sachtjen Parkway
411,Wordtune,parallels.com,813,6883,3 Sullivan Pass
412,Avamm,yellowbook.com,31,2087,6 Fallview Way
413,Skiptube,dion.ne.jp,193,5778,0866 Buena Vista Drive
414,Skidoo,uiuc.edu,827,4386,413 Lakeland Center
415,Rhyzio,studiopress.com,609,4152,6 Crest Line Road
416,Browsezoom,blog.com,275,1843,6522 Reindahl Junction
417,Topicshots,blogs.com,256,8410,19 Hayes Drive
418,Jabbertype,vk.com,864,9209,52 Rockefeller Point
419,Twinder,tuttocitta.it,925,7407,56107 Badeau Crossing
420,Topiczoom,chronoengine.com,728,6344,4 Fieldstone Road
421,Meembee,multiply.com,295,1000,9831 Corben Court
422,Trudoo,chronoengine.com,874,9207,513 Portage Way
423,Meevee,skyrock.com,444,3191,5448 Westerfield Circle
424,Twinte,globo.com,232,3520,47723 Victoria Junction
425,Oyoyo,is.gd,993,5354,057 Eggendart Court
426,Topiczoom,who.int,588,5186,426 Armistice Point
427,Oyoyo,hp.com,573,6412,93486 Northport Pass
428,Feedspan,people.com.cn,256,5298,7615 Rigney Road
429,Fivebridge,typepad.com,558,5929,43 Knutson Trail
430,Bubbletube,wikimedia.org,855,6945,55894 Oxford Avenue
431,Bubbletube,google.de,864,8486,8 Pawling Hill
432,Quire,seattletimes.com,170,4871,02800 Moose Alley
433,Youspan,blogspot.com,490,1725,2 Fairfield Avenue
434,Feedfish,ezinearticles.com,512,870,15281 Northwestern Point
435,Twinder,cdbaby.com,381,4444,2 Hauk Circle
436,Bluezoom,google.com.hk,578,1413,58704 Dryden Drive
437,Flashpoint,springer.com,872,1186,4 Corry Alley
438,Babblestorm,theglobeandmail.com,722,4328,386 Pearson Hill
439,Quamba,va.gov,420,2074,84 Cherokee Place
440,Skinte,washington.edu,547,2073,31078 Charing Cross Terrace
441,Devpoint,nsw.gov.au,916,3703,61838 Towne Street
442,Wikido,tuttocitta.it,604,3781,84806 Pleasure Trail
443,Jaxspan,slideshare.net,101,7993,6 Anthes Drive
444,Dabfeed,e-recht24.de,898,6712,92432 2nd Crossing
445,LiveZ,symantec.com,840,1475,4295 Canary Avenue
446,Rhyloo,squarespace.com,217,581,37 Hooker Drive
447,Teklist,jugem.jp,660,3333,262 Bellgrove Point
448,Lazzy,wikia.com,891,9003,53 Hovde Trail
449,Tazzy,cmu.edu,144,6094,18996 Ridgeview Center
450,Mita,pcworld.com,414,7420,21846 Mayfield Circle
451,Tanoodle,ebay.com,970,4391,1295 Old Shore Point
452,Thoughtstorm,google.com,697,4353,8 Gerald Circle
453,Jatri,buzzfeed.com,736,3482,7552 Eggendart Street
454,Meembee,digg.com,147,7725,65 Springview Avenue
455,Skipfire,usgs.gov,252,2014,088 Walton Avenue
456,Jabberbean,ovh.net,417,227,59408 Merrick Center
457,Oyondu,live.com,695,4266,6 Homewood Place
458,Vinder,facebook.com,57,6387,7 Porter Plaza
459,Fadeo,bluehost.com,203,1206,575 Pond Lane
460,Lajo,gnu.org,565,6614,5943 Kennedy Road
461,Rhynyx,surveymonkey.com,417,8939,8 Lukken Pass
462,Photojam,dell.com,411,1895,19 Bunker Hill Avenue
463,Photobean,china.com.cn,15,3496,7502 Crest Line Place
464,Mydo,mac.com,772,123,5442 Knutson Hill
465,Aimbu,icio.us,87,4597,317 Mosinee Alley
466,Livetube,ucoz.com,302,2926,562 Hudson Parkway
467,Latz,wikispaces.com,612,5434,5 3rd Drive
468,Quimm,gov.uk,911,3773,50241 Warrior Point
469,Camimbo,cyberchimps.com,674,5412,583 Novick Road
470,Oyoloo,com.com,47,1307,03685 Killdeer Trail
471,Yotz,diigo.com,358,945,60 Eggendart Alley
472,Meetz,ox.ac.uk,796,8437,1 Donald Junction
473,Divavu,nih.gov,488,9552,90 Starling Street
474,Twinder,opensource.org,208,7581,4 Mcguire Place
475,Kwideo,flavors.me,101,355,5291 Laurel Terrace
476,Skipstorm,nps.gov,498,1357,0758 Longview Parkway
477,Oyonder,unblog.fr,138,7868,07885 Mayfield Road
478,Voonte,shop-pro.jp,904,9908,710 Dovetail Lane
479,Kwinu,ihg.com,616,3232,3 Arkansas Trail
480,Tagopia,upenn.edu,514,4692,260 Cottonwood Terrace
481,Shufflebeat,i2i.jp,432,2024,1624 Rieder Way
482,Centimia,joomla.org,34,975,8017 High Crossing Circle
483,Gabspot,ameblo.jp,719,5924,7 Gerald Alley
484,Vipe,yellowbook.com,15,543,5 Bonner Park
485,Skidoo,nytimes.com,315,2524,0127 Dunning Court
486,Livetube,techcrunch.com,898,9433,23613 Shoshone Pass
487,Quaxo,sitemeter.com,899,562,95 Forest Run Center
488,Wordtune,foxnews.com,896,780,247 Di Loreto Lane
489,Gigaclub,bandcamp.com,897,9263,6816 Norway Maple Alley
490,Jabberstorm,comsenz.com,983,289,18 4th Place
491,Topicstorm,tripadvisor.com,588,9879,03 Pine View Point
492,Rooxo,nsw.gov.au,355,6841,743 Banding Plaza
493,Tagopia,nih.gov,460,6352,7065 Laurel Alley
494,Demivee,hhs.gov,812,6728,504 Namekagon Lane
495,Flashpoint,alexa.com,825,4969,81 South Place
496,Yadel,seesaa.net,380,9147,776 Lakewood Gardens Alley
497,Zoovu,biglobe.ne.jp,784,8609,76447 Elmside Court
498,Tagtune,spotify.com,701,7905,6874 Summit Alley
499,Skiptube,parallels.com,853,8964,57 Almo Point
500,Rhycero,sogou.com,306,6104,0 Annamark Street
501,Innojam,4shared.com,779,2382,1448 Ridgeview Hill
502,Brainsphere,sourceforge.net,985,6322,0 Stephen Avenue
503,Zooveo,netvibes.com,862,6960,733 Kedzie Hill
504,BlogXS,github.io,376,2804,150 Eagan Center
505,Oozz,google.ru,609,3094,3856 Pine View Pass
506,Riffwire,wisc.edu,733,8872,614 Wayridge Junction
507,Topicware,whitehouse.gov,391,6564,9035 Carpenter Circle
508,Zoomcast,statcounter.com,461,6333,676 Rutledge Drive
509,Yamia,youtu.be,569,2747,62 Meadow Ridge Plaza
510,Wikibox,domainmarket.com,957,4533,86 Weeping Birch Plaza
511,Youopia,bigcartel.com,68,2837,5967 Jana Parkway
512,Divape,ed.gov,921,5067,17 Surrey Road
513,Meembee,i2i.jp,49,9012,68 Ludington Circle
514,Eire,wufoo.com,997,9758,18 2nd Terrace
515,Latz,uiuc.edu,541,8388,302 Continental Point
516,Abata,boston.com,514,1243,65 Florence Junction
517,Blognation,oakley.com,643,280,5 Blue Bill Park Point
518,Brightdog,pcworld.com,883,4585,14 Trailsway Crossing
519,Thoughtbridge,dedecms.com,477,8791,699 Sauthoff Parkway
520,Twitternation,cyberchimps.com,290,3083,43 Crescent Oaks Drive
521,Jazzy,tripadvisor.com,934,238,592 Leroy Place
522,Topicshots,altervista.org,881,4646,6 Lunder Way
523,Npath,dion.ne.jp,350,707,2824 Stephen Pass
524,Photojam,geocities.jp,776,2482,8 Cascade Avenue
525,Zoomlounge,slashdot.org,310,4858,7249 Swallow Avenue
526,Myworks,wikimedia.org,839,9197,862 Manitowish Trail
527,Trudeo,apache.org,455,5788,27114 Veith Trail
528,Brightdog,buzzfeed.com,868,5596,160 Towne Center
529,Flipbug,ovh.net,863,766,5806 Green Ridge Pass
530,Rhynyx,theatlantic.com,45,1577,9243 Lukken Junction
531,LiveZ,dell.com,995,8753,19 Manley Lane
532,Zoozzy,mtv.com,993,1101,67300 Hoard Circle
533,Fliptune,behance.net,552,9737,1 Sloan Lane
534,Meedoo,cnbc.com,968,1417,20067 Aberg Hill
535,Buzzbean,imdb.com,767,5316,4716 Transport Center
536,Mybuzz,princeton.edu,87,8335,96485 Charing Cross Place
537,Twitterlist,sciencedirect.com,37,9216,8 Johnson Plaza
538,Centizu,xinhuanet.com,949,8239,4 Ridgeway Terrace
539,Photobean,arizona.edu,987,3807,12 Pine View Terrace
540,Devify,bigcartel.com,286,1626,8329 Dapin Circle
541,Wordware,cyberchimps.com,45,1537,6844 Meadow Ridge Way
542,Meedoo,studiopress.com,582,573,68100 Roth Plaza
543,Trunyx,webs.com,977,5062,20505 Prairieview Junction
544,Gabtype,berkeley.edu,211,9290,35434 Truax Avenue
545,Devpoint,gov.uk,221,8915,72024 Novick Crossing
546,Cogibox,nhs.uk,981,9161,748 Muir Trail
547,Gabcube,forbes.com,624,14,4737 Anderson Center
548,Ooba,comcast.net,108,7622,1 Jenna Hill
549,Lajo,51.la,38,8727,871 Elgar Point
550,Rhynyx,diigo.com,433,1482,71 Eagle Crest Way
551,Dabshots,gravatar.com,998,12,2 Manley Point
552,Pixonyx,1688.com,830,2502,599 Grasskamp Park
553,Wordtune,wufoo.com,380,9698,6371 Dawn Court
554,Realpoint,nytimes.com,630,1615,16 Lakewood Gardens Plaza
555,Linktype,feedburner.com,752,8032,5 Twin Pines Junction
556,Zazio,tripod.com,78,8166,37 Sommers Point
557,Bubblemix,mlb.com,803,9952,209 Lakeland Lane
558,Twimm,forbes.com,760,9787,753 Melby Trail
559,Feedfish,bigcartel.com,546,3344,6 Jay Drive
560,Tazzy,cisco.com,695,7207,512 Valley Edge Crossing
561,Wikibox,abc.net.au,760,527,529 Gina Plaza
562,Voonix,japanpost.jp,971,6199,341 Porter Alley
563,Skynoodle,nasa.gov,405,2090,02210 Sauthoff Place
564,Eadel,yandex.ru,910,4062,528 Transport Center
565,Rhynoodle,umn.edu,687,2628,0902 Dottie Junction
566,Brightbean,goo.ne.jp,808,1728,716 Cody Junction
567,LiveZ,alexa.com,854,6541,87 Boyd Trail
568,Dazzlesphere,dropbox.com,546,6069,537 Lien Circle
569,Oyope,bloglines.com,274,1445,4 Eggendart Avenue
570,Yozio,jigsy.com,444,1376,63 Schmedeman Way
571,Realcube,lycos.com,825,2465,0 Fulton Circle
572,Lazzy,biglobe.ne.jp,141,5596,0 Pennsylvania Trail
573,Voonder,studiopress.com,90,7958,1 Delaware Point
574,Cogilith,lulu.com,819,3484,7737 Amoth Pass
575,Yakitri,theglobeandmail.com,598,1970,84817 Vidon Hill
576,Skimia,usda.gov,881,8365,032 Pankratz Plaza
577,Katz,bloomberg.com,77,4794,88973 Moland Parkway
578,Dazzlesphere,scribd.com,326,8957,22170 Myrtle Hill
579,Pixope,smh.com.au,847,4244,3 West Crossing
580,Edgeify,ovh.net,76,9269,4 Holmberg Junction
581,Skivee,gnu.org,251,9749,09 Delaware Alley
582,Aibox,youtu.be,18,2140,299 Russell Hill
583,Jazzy,cbsnews.com,904,1042,7 Oriole Place
584,Mycat,latimes.com,962,662,17433 Onsgard Point
585,Dabshots,csmonitor.com,252,8927,508 Karstens Park
586,Quimba,dedecms.com,975,1015,4477 Macpherson Drive
587,Browseblab,bbc.co.uk,701,1103,1 Lillian Alley
588,Meetz,is.gd,58,6353,3 Lunder Pass
589,Realbridge,examiner.com,492,6590,207 Browning Center
590,Browsedrive,alexa.com,772,3224,54 Texas Terrace
591,Geba,psu.edu,223,2509,92 Killdeer Avenue
592,Zazio,delicious.com,796,1454,989 Burrows Terrace
593,Trilia,salon.com,487,8877,889 Jay Terrace
594,Pixonyx,constantcontact.com,419,7165,6 Autumn Leaf Terrace
595,Roomm,cnbc.com,468,3569,6 Sundown Center
596,Trilith,sogou.com,679,1873,2450 School Street
597,Cogilith,ameblo.jp,889,3500,1123 Stone Corner Terrace
598,Camido,baidu.com,422,1541,445 Almo Circle
599,Jabberbean,tamu.edu,334,7063,6 Troy Avenue
600,Zoomlounge,bloglovin.com,886,9327,23951 Londonderry Crossing
601,Kazio,a8.net,434,5183,2082 Pennsylvania Plaza
602,Yadel,google.co.jp,600,6528,8484 Tennyson Pass
603,Livetube,istockphoto.com,621,1629,4 Ryan Lane
604,Nlounge,cbslocal.com,882,7447,1 Gateway Parkway
605,Skalith,xing.com,344,8937,9 Grover Terrace
606,Kwilith,businessweek.com,871,2224,65298 Melrose Alley
607,Katz,prlog.org,492,1911,3 Center Place
608,Agimba,google.it,23,8705,61766 Rieder Lane
609,Livetube,google.de,121,4596,79041 5th Hill
610,Bubbletube,kickstarter.com,128,2068,1 Blue Bill Park Plaza
611,Jabberstorm,intel.com,635,7355,016 Lindbergh Center
612,Bubbletube,indiegogo.com,337,4455,5 Buell Circle
613,Trunyx,nature.com,835,2884,76625 Merchant Hill
614,Babbleopia,barnesandnoble.com,653,7220,3632 Bayside Hill
615,Mydo,go.com,980,7999,41026 Kennedy Pass
616,Eare,senate.gov,259,6680,63 Carberry Way
617,Eayo,paypal.com,627,9604,840 Tennyson Court
618,Wikizz,army.mil,416,9836,872 Luster Junction
619,Agimba,loc.gov,836,4994,3 Sloan Plaza
620,Centimia,wordpress.org,693,8507,2 Cottonwood Road
621,Latz,marriott.com,926,8280,27833 Boyd Point
622,Livetube,taobao.com,501,7094,26 Farwell Street
623,Zoozzy,php.net,873,5790,1732 Nelson Alley
624,Rhynyx,cpanel.net,244,5641,93 Gulseth Street
625,Oyonder,opera.com,760,7376,2406 Lawn Junction
626,Shuffletag,ezinearticles.com,597,7786,769 Northport Circle
627,Kare,about.com,73,4757,3 Carioca Point
628,Minyx,washington.edu,951,1122,8 Bunker Hill Parkway
629,Flashpoint,taobao.com,74,1413,8 Holmberg Point
630,Latz,apache.org,739,1997,51303 West Hill
631,Dablist,clickbank.net,930,9284,9 Lakewood Gardens Crossing
632,Kwideo,jimdo.com,562,4292,0 Rieder Drive
633,Devpoint,springer.com,694,2192,27478 Bay Crossing
634,Buzzshare,yelp.com,799,1808,21 Golf Course Alley
635,Meejo,opensource.org,204,8637,778 Spaight Alley
636,Einti,devhub.com,19,2205,0808 Rockefeller Road
637,Yabox,cnbc.com,184,2892,2 Banding Street
638,Vidoo,unc.edu,216,3705,7 Laurel Road
639,Meevee,wp.com,59,6245,459 Ohio Plaza
640,Quatz,bandcamp.com,92,3054,6987 Blackbird Circle
641,Zooxo,census.gov,49,7808,33283 Lakewood Gardens Place
642,Reallinks,google.co.jp,755,1484,42517 Thierer Point
643,Youspan,reference.com,259,8204,31705 Harbort Pass
644,Cogilith,goodreads.com,20,2024,037 Pankratz Circle
645,Ntag,friendfeed.com,217,9511,9239 Dorton Circle
646,Gabvine,go.com,426,6944,0246 Burrows Crossing
647,Zava,uiuc.edu,781,5308,8 Doe Crossing Plaza
648,Flipbug,hatena.ne.jp,975,8163,5463 Shopko Park
649,Midel,bluehost.com,521,7773,4 Forest Alley
650,Ainyx,vinaora.com,475,1967,98965 Grover Center
651,Kazio,paypal.com,473,8382,039 Hanover Court
652,Shufflester,list-manage.com,243,1414,280 Rutledge Avenue
653,Flipstorm,163.com,793,8347,66 Meadow Ridge Alley
654,Topicblab,ustream.tv,840,819,7269 Canary Pass
655,Browsezoom,mlb.com,250,9601,23121 Anniversary Parkway
656,Tagcat,furl.net,794,6412,5096 Prairieview Avenue
657,Mudo,state.gov,945,9289,50040 Rockefeller Park
658,Skyndu,devhub.com,526,6989,555 Derek Crossing
659,Browsezoom,google.pl,582,1090,1 Arrowood Drive
660,Fadeo,google.co.jp,551,597,7296 Vahlen Court
661,Zoovu,jigsy.com,412,9663,8 Moland Park
662,Aimbo,newsvine.com,254,4187,272 Kingsford Road
663,Jetwire,github.io,929,2564,986 Lawn Pass
664,Oozz,purevolume.com,171,2441,971 Portage Junction
665,Trudoo,artisteer.com,525,6516,33297 Ronald Regan Point
666,Mydo,earthlink.net,493,5932,532 Green Terrace
667,Skalith,printfriendly.com,479,3007,42 Morrow Pass
668,Edgeclub,pcworld.com,406,8247,6 Quincy Pass
669,Youfeed,drupal.org,507,1947,431 Tennyson Hill
670,Tagchat,ox.ac.uk,909,7975,151 Washington Junction
671,Kamba,pagesperso-orange.fr,855,7321,96 Chinook Park
672,Trunyx,people.com.cn,137,4935,46 Warrior Alley
673,Fivechat,deviantart.com,394,2748,9507 Fuller Hill
674,Feedmix,slate.com,371,1757,93396 Waubesa Junction
675,Skibox,gnu.org,601,5772,66928 Cottonwood Plaza
676,Katz,ustream.tv,422,4973,47853 Mariners Cove Avenue
677,Flipstorm,deliciousdays.com,302,9915,04 Loomis Parkway
678,Centizu,a8.net,857,866,4129 Kennedy Crossing
679,Chatterpoint,dmoz.org,427,6696,7501 Nova Place
680,Dabvine,etsy.com,145,4546,3 Ruskin Road
681,Skibox,parallels.com,488,8508,091 Porter Way
682,Skimia,1und1.de,378,1270,48976 Anderson Alley
683,Thoughtsphere,is.gd,320,8464,6 Hanson Park
684,Aimbo,mayoclinic.com,582,3154,13694 Porter Terrace
685,Twinte,ebay.co.uk,796,4484,73564 Spohn Avenue
686,BlogXS,zdnet.com,22,4571,0 Stephen Hill
687,Twinte,theglobeandmail.com,470,8512,85278 Vera Pass
688,JumpXS,cmu.edu,371,267,87856 New Castle Way
689,Wordpedia,tinypic.com,678,880,425 Elgar Hill
690,Aibox,arizona.edu,244,2762,8736 Glacier Hill Place
691,Vidoo,google.com.au,861,3123,6 Center Park
692,Buzzbean,barnesandnoble.com,988,6330,63893 Springview Terrace
693,Realblab,smugmug.com,439,1926,4365 Dovetail Place
694,Rhynyx,bravesites.com,340,1872,6082 Superior Place
695,Eire,prlog.org,144,1111,1012 Talmadge Alley
696,Thoughtblab,yandex.ru,946,4591,49 Trailsway Hill
697,Zooxo,indiatimes.com,67,6272,8 Shopko Plaza
698,Skinix,sakura.ne.jp,60,9018,41 Golden Leaf Court
699,Topicblab,mapy.cz,161,924,9679 Knutson Terrace
700,Rhybox,1und1.de,378,9603,208 Fremont Street
701,Gabspot,bbb.org,360,5860,39041 Anzinger Terrace
702,Zoombeat,google.pl,83,4066,841 Hooker Way
703,Flipopia,usatoday.com,920,9553,800 Lakewood Parkway
704,Edgeify,vk.com,712,905,17272 Chinook Road
705,Chatterbridge,dot.gov,442,7733,84759 Pine View Pass
706,Ntag,moonfruit.com,554,8399,7029 Welch Crossing
707,Thoughtstorm,wisc.edu,1000,381,7132 Columbus Drive
708,Eazzy,over-blog.com,585,7413,9 Forest Run Drive
709,Rhynyx,hugedomains.com,177,9435,0 Mosinee Circle
710,LiveZ,smugmug.com,337,2368,7 Hanson Avenue
711,Wikizz,quantcast.com,615,8649,2 Bunting Terrace
712,Tagtune,ning.com,846,5630,79 Hudson Terrace
713,Rhyzio,ow.ly,950,1478,2 Jenna Circle
714,Aibox,addthis.com,596,6848,816 Oxford Parkway
715,Wordpedia,amazonaws.com,970,9845,53472 Tennyson Road
716,Brainbox,scribd.com,278,4784,5 Union Crossing
717,Skibox,canalblog.com,776,5124,148 Pearson Place
718,Gigashots,yale.edu,723,6335,91797 Upham Pass
719,Tazz,omniture.com,320,9512,3 Trailsway Circle
720,Mymm,engadget.com,596,2541,262 Dahle Plaza
721,Feedmix,sun.com,62,1824,23 Hallows Point
722,Realbridge,un.org,587,9549,05 3rd Alley
723,Muxo,washingtonpost.com,578,6892,0 Waywood Court
724,Youtags,nhs.uk,671,8367,9716 Dixon Drive
725,Oyonder,dailymotion.com,863,4469,52651 Lakewood Gardens Street
726,Voolia,weebly.com,99,3966,707 Kinsman Alley
727,Twitterworks,tumblr.com,62,6122,1 Donald Crossing
728,Thoughtsphere,t.co,982,6891,08317 Mallory Terrace
729,Blogtag,wordpress.com,32,6085,48202 Maple Wood Circle
730,Realcube,unesco.org,569,9637,28 Northport Pass
731,Rooxo,archive.org,182,5393,74 Coolidge Alley
732,Geba,weather.com,326,7534,83 Kedzie Court
733,Blogpad,guardian.co.uk,311,2840,57 Mosinee Place
734,Abatz,stumbleupon.com,199,8283,64 Jenna Lane
735,Jayo,cmu.edu,136,9949,3645 Ohio Street
736,Realcube,digg.com,202,4212,61 Redwing Park
737,Einti,mlb.com,851,8603,55291 Gulseth Place
738,Kwilith,youtube.com,638,3156,51204 Ramsey Terrace
739,Thoughtstorm,examiner.com,380,4044,18 Sunnyside Road
740,Nlounge,wufoo.com,537,374,931 West Circle
741,Oyonder,webnode.com,901,5068,35168 Pearson Road
742,Oozz,nba.com,820,3904,4128 Oakridge Hill
743,Meevee,hibu.com,712,1154,3850 High Crossing Alley
744,Feedbug,hexun.com,115,8555,36113 Bayside Plaza
745,Zoomzone,alibaba.com,254,4472,29 Thackeray Alley
746,Youspan,dropbox.com,686,8976,901 Crest Line Hill
747,Eabox,unicef.org,498,3449,64 Monument Lane
748,Eazzy,fda.gov,528,9961,5 Chinook Terrace
749,Devcast,ftc.gov,526,261,41 Reindahl Road
750,Yakitri,technorati.com,715,1275,37 Gulseth Center
751,Rhycero,bloomberg.com,909,1314,673 Nancy Way
752,Thoughtstorm,1und1.de,642,8074,14 Westridge Junction
753,Feedfish,pen.io,997,9189,785 Springview Hill
754,Wordtune,ycombinator.com,313,1888,0198 Dayton Court
755,Twimbo,geocities.com,895,8718,37 Hanson Point
756,Flashpoint,cmu.edu,684,6432,3 Katie Crossing
757,Jabberstorm,discovery.com,996,9143,35470 Kedzie Place
758,Yakitri,wordpress.com,190,5097,55 Northport Alley
759,Leexo,timesonline.co.uk,881,8470,60320 Northwestern Way
760,Thoughtbridge,hubpages.com,985,4785,9 Dunning Circle
761,Quinu,blogger.com,833,3299,2011 Clarendon Alley
762,Fliptune,youtube.com,771,2798,6481 Dunning Junction
763,Dynava,cisco.com,260,5660,66000 8th Avenue
764,Voomm,house.gov,212,9172,6511 Carey Alley
765,Edgetag,umn.edu,27,7483,53 Clyde Gallagher Junction
766,Lazzy,cdbaby.com,558,8942,13880 Montana Lane
767,Blognation,imgur.com,838,776,73 Pearson Avenue
768,Flashdog,linkedin.com,720,9220,0912 Sauthoff Parkway
769,Skimia,usatoday.com,856,6445,143 Ronald Regan Way
770,Voomm,indiatimes.com,965,5124,6378 Dakota Street
771,Avavee,unblog.fr,747,3239,2 Linden Way
772,Topiczoom,wsj.com,753,5772,66 Hoepker Street
773,Babbleblab,smugmug.com,958,4004,6 Badeau Plaza
774,Eazzy,shutterfly.com,522,917,61377 Jackson Trail
775,Kaymbo,t.co,54,9503,196 Sunbrook Junction
776,Brainsphere,ted.com,591,4330,868 Memorial Court
777,Bluezoom,mlb.com,24,1453,6754 Rockefeller Circle
778,Camimbo,utexas.edu,542,4543,13924 Shasta Point
779,Myworks,hao123.com,120,4841,3 Holmberg Plaza
780,Dynazzy,google.co.jp,507,1742,80 Village Green Parkway
781,Ainyx,ycombinator.com,933,6270,652 Reindahl Point
782,Ntags,theatlantic.com,755,8537,0832 Talisman Drive
783,Oyonder,sohu.com,924,9489,8651 Briar Crest Drive
784,Kwideo,utexas.edu,124,8751,4 Thackeray Way
785,Yakidoo,godaddy.com,784,9886,9513 Hazelcrest Park
786,Twimbo,dagondesign.com,745,6863,1646 Arrowood Junction
787,Twitterbeat,sakura.ne.jp,935,510,22019 Butternut Street
788,Skajo,tumblr.com,312,3817,1401 Kenwood Circle
789,Kare,nasa.gov,177,3410,0978 Harper Junction
790,Rooxo,meetup.com,221,5066,32934 Truax Drive
791,Eayo,wired.com,756,1587,4 Schiller Hill
792,Oyope,surveymonkey.com,186,9071,125 Green Parkway
793,Meevee,digg.com,435,109,68 Nancy Trail
794,Roomm,altervista.org,564,5608,683 Pawling Drive
795,Quatz,apache.org,18,5623,23 Cambridge Pass
796,Babbleset,aboutads.info,809,2089,9576 Darwin Avenue
797,Dabvine,mail.ru,409,8390,4 Redwing Pass
798,Agivu,scribd.com,739,6146,030 Surrey Trail
799,Skidoo,yellowbook.com,840,5368,243 Sunnyside Hill
800,Brainbox,1und1.de,537,2649,150 Gerald Alley
801,Ntags,unc.edu,784,3070,82 Express Avenue
802,Yamia,google.com,813,9373,949 Sherman Alley
803,Omba,virginia.edu,470,3746,54168 South Place
804,Blognation,umich.edu,670,2316,2021 Manitowish Alley
805,Realcube,dagondesign.com,609,5696,63 Vermont Hill
806,Skyble,yellowpages.com,245,5403,84565 Delladonna Trail
807,Yozio,webmd.com,171,8807,1 Warrior Center
808,Wikizz,reverbnation.com,902,246,4272 Farwell Avenue
809,Browsezoom,msu.edu,877,925,6937 Nova Pass
810,Kayveo,behance.net,41,1791,99330 Scofield Center
811,Rooxo,howstuffworks.com,992,2051,6063 Moose Drive
812,Devbug,networksolutions.com,586,7676,952 Oriole Park
813,Yodoo,shareasale.com,636,1482,510 Everett Point
814,Zoombox,prweb.com,296,6683,990 Hudson Terrace
815,Tavu,wiley.com,165,5348,23 Vidon Center
816,Zava,trellian.com,741,9817,0255 Goodland Street
817,Meemm,google.ca,672,7755,150 Eggendart Park
818,Yakidoo,independent.co.uk,271,3951,19 Alpine Street
819,Browsezoom,etsy.com,575,8920,4 Thierer Center
820,Yodoo,360.cn,882,9819,3 Golden Leaf Trail
821,Skinder,wordpress.org,230,1524,04887 Rusk Circle
822,Tagtune,yellowbook.com,485,7142,2678 Forster Circle
823,Zoomdog,lulu.com,795,5941,7968 Green Ridge Park
824,Dazzlesphere,samsung.com,624,8385,705 Sage Crossing
825,Realmix,yandex.ru,626,9978,41 Cody Avenue
826,Twinte,chronoengine.com,232,644,17219 Randy Way
827,Rhynyx,netvibes.com,685,6144,2 Farmco Plaza
828,Leenti,jugem.jp,856,5637,6 2nd Avenue
829,Jatri,1688.com,289,2869,4 Gale Place
830,Chatterpoint,privacy.gov.au,433,4463,6702 Huxley Parkway
831,Ntags,youtube.com,338,7655,16123 International Court
832,Jetwire,washington.edu,450,1592,8 Vernon Park
833,Skyndu,gmpg.org,270,5619,9 Katie Park
834,Meezzy,flavors.me,382,1331,174 Golf View Terrace
835,Oyoyo,unblog.fr,65,8531,45342 Sheridan Alley
836,Vinte,bandcamp.com,132,2612,85238 Farwell Plaza
837,Youopia,nsw.gov.au,641,4203,814 Meadow Vale Park
838,Realcube,cbsnews.com,815,813,2205 Bunting Pass
839,Vidoo,1und1.de,258,7649,6619 Banding Avenue
840,Meejo,dmoz.org,430,9177,81847 Paget Hill
841,Zoomcast,chicagotribune.com,42,2374,8316 Monterey Street
842,Vimbo,ycombinator.com,152,7242,0 Almo Terrace
843,Zoomlounge,irs.gov,108,7382,739 Forest Dale Plaza
844,Topicblab,bigcartel.com,202,6944,39870 Nevada Terrace
845,Muxo,economist.com,640,4380,1492 Tomscot Alley
846,Yozio,dedecms.com,377,3054,4 Luster Lane
847,Zoombox,nih.gov,190,2228,94 Onsgard Lane
848,Browsetype,webeden.co.uk,549,1950,13600 Eastwood Drive
849,Zoozzy,geocities.jp,783,9009,95960 Fairview Avenue
850,Youspan,nytimes.com,114,2120,7496 Toban Road
851,Photobean,angelfire.com,756,5706,06095 Armistice Drive
852,Realbuzz,hexun.com,28,3862,49 Oak Valley Plaza
853,Eazzy,fda.gov,886,6499,3355 Myrtle Drive
854,Skinder,biglobe.ne.jp,30,2109,10 Evergreen Crossing
855,Thoughtmix,timesonline.co.uk,138,5365,226 Roxbury Pass
856,Quamba,newyorker.com,357,6782,11914 Bultman Center
857,Ailane,wordpress.org,358,342,51287 Karstens Circle
858,Browsecat,hatena.ne.jp,600,788,4063 Straubel Avenue
859,Wikizz,fc2.com,177,9830,9373 Spaight Plaza
860,Skidoo,nsw.gov.au,46,158,71004 Talmadge Court
861,Dynabox,gnu.org,898,8728,2698 Lunder Center
862,Avamm,fotki.com,816,430,3 Marquette Avenue
863,Plajo,goodreads.com,513,3111,17 Clove Plaza
864,Chatterpoint,utexas.edu,484,6111,9 Packers Lane
865,Skynoodle,spiegel.de,601,1513,92819 Briar Crest Plaza
866,Skimia,umn.edu,431,7603,0690 Lotheville Court
867,Eayo,phpbb.com,459,7453,0663 Larry Circle
868,Livetube,nbcnews.com,902,8178,842 Schlimgen Crossing
869,Oyonder,answers.com,263,3156,1 Muir Center
870,Skidoo,dailymail.co.uk,645,2883,08 Melody Road
871,Gigaclub,bloomberg.com,681,3734,889 Linden Trail
872,Avaveo,princeton.edu,903,229,46884 Bluejay Hill
873,Mycat,yellowpages.com,196,2439,4 Parkside Park
874,Oozz,typepad.com,203,8351,836 Bayside Parkway
875,Shufflebeat,mtv.com,15,6735,92017 Mallard Avenue
876,Leenti,cbc.ca,277,5003,10 Mccormick Way
877,Meevee,nbcnews.com,779,5984,769 Forster Pass
878,Twitterbridge,hatena.ne.jp,164,2565,22 Larry Point
879,Meejo,ucoz.com,87,6324,09 Red Cloud Junction
880,Centizu,yahoo.com,699,5484,0467 Tomscot Road
881,Feedmix,nytimes.com,86,7516,7 1st Junction
882,Vipe,gravatar.com,54,2245,44 Calypso Drive
883,Ainyx,admin.ch,57,2649,01 Northland Plaza
884,Eare,ftc.gov,328,603,336 Basil Junction
885,Rhynyx,amazonaws.com,989,6728,701 Kingsford Circle
886,LiveZ,dmoz.org,389,7317,748 North Point
887,Browseblab,joomla.org,26,8501,139 Petterle Road
888,Quamba,friendfeed.com,82,3949,81853 Miller Trail
889,Shuffledrive,mlb.com,239,3156,9 Rieder Hill
890,Kamba,wix.com,753,5678,321 Nancy Plaza
891,Quatz,purevolume.com,750,8006,1 Manitowish Drive
892,Latz,forbes.com,45,5104,004 Continental Way
893,Thoughtworks,guardian.co.uk,772,4059,6 Ilene Place
894,Vinder,cornell.edu,252,1847,28827 Lakewood Gardens Crossing
895,Tazzy,bbc.co.uk,791,4523,152 Debra Trail
896,Photospace,statcounter.com,279,4599,38358 Declaration Center
897,Gigabox,howstuffworks.com,275,8327,30 Ohio Plaza
898,Talane,mayoclinic.com,348,387,82 Declaration Place
899,Quire,dagondesign.com,955,5938,28476 Northwestern Park
900,Kimia,shinystat.com,336,3988,2 Sheridan Street
901,Skalith,fema.gov,653,2833,75495 Morningstar Hill
902,Babblestorm,youtube.com,120,1875,860 Porter Lane
903,Yacero,bloomberg.com,107,8051,02 Sauthoff Way
904,Agimba,moonfruit.com,457,4282,5011 Main Center
905,Tagopia,independent.co.uk,725,6976,3905 Ridgeview Center
906,Kimia,quantcast.com,935,9953,61 Red Cloud Avenue
907,Skiba,spotify.com,499,7149,74 Eggendart Road
908,Aimbu,ed.gov,703,1300,286 Center Lane
909,Twitterbridge,reference.com,952,1695,61372 Buhler Drive
910,Riffpath,slate.com,167,2389,324 Delaware Court
911,Abata,ocn.ne.jp,129,661,98762 Tomscot Pass
912,Oba,so-net.ne.jp,616,5905,97 Towne Trail
913,Quatz,salon.com,407,1621,4294 Menomonie Alley
914,Fiveclub,bloomberg.com,102,1268,90058 Dovetail Plaza
915,Meejo,photobucket.com,146,3515,0617 Warbler Lane
916,Realcube,about.com,119,2264,34565 Ridge Oak Way
917,Flipstorm,freewebs.com,703,2888,6 Westend Place
918,Yodoo,unblog.fr,862,5938,9 Spenser Trail
919,Flipstorm,prweb.com,633,4738,042 Waywood Trail
920,Trunyx,blog.com,899,8538,78041 Novick Park
921,Skivee,loc.gov,937,5012,71 Fieldstone Point
922,Browsecat,artisteer.com,252,511,44202 2nd Terrace
923,Gabvine,furl.net,321,6772,15 Sage Park
924,Kwideo,smh.com.au,344,156,456 Bay Street
925,Muxo,quantcast.com,982,1630,9326 Alpine Center
926,Einti,ebay.co.uk,245,3288,8523 Manitowish Junction
927,Ozu,imdb.com,364,9072,84584 Dixon Trail
928,Fivechat,wikia.com,67,5397,56508 Linden Pass
929,Skiptube,digg.com,157,5279,1 Bartelt Drive
930,Tavu,xinhuanet.com,987,6355,3 Bartillon Crossing
931,Bubbletube,mashable.com,484,733,76 Waubesa Point
932,Meevee,dell.com,256,6564,2811 Meadow Ridge Way
933,Dynabox,illinois.edu,267,8650,17827 Springview Pass
934,Babbleblab,boston.com,528,1435,9531 Lindbergh Center
935,Rhyzio,jiathis.com,263,2152,59760 Leroy Alley
936,Digitube,yellowpages.com,407,5552,824 Fisk Center
937,Blogtags,blog.com,302,7973,23586 Darwin Hill
938,Jabbertype,dyndns.org,937,4508,65387 Division Crossing
939,Geba,reuters.com,164,3072,856 Daystar Avenue
940,Shufflebeat,wired.com,195,2704,752 Carberry Hill
941,Meejo,issuu.com,324,2149,9 Maywood Parkway
942,Dabvine,auda.org.au,272,6691,229 Mitchell Pass
943,Aimbu,meetup.com,141,7487,7 American Ash Pass
944,Realcube,netvibes.com,122,1066,4 Butterfield Pass
945,Aimbu,ihg.com,40,2753,5514 Daystar Crossing
946,Skimia,accuweather.com,239,6293,8 Hoffman Terrace
947,Twitterlist,sakura.ne.jp,121,7307,6416 Atwood Court
948,Flashspan,gov.uk,989,3681,830 Sherman Crossing
949,Topiczoom,boston.com,26,6020,272 Chinook Hill
950,Tazz,ameblo.jp,249,7157,8 Utah Trail
951,Yadel,shop-pro.jp,197,5215,668 Mifflin Court
952,Layo,google.co.uk,508,3838,7747 Quincy Park
953,Flipopia,live.com,688,5349,64 School Junction
954,Meevee,creativecommons.org,914,1146,6 Carpenter Place
955,Thoughtblab,ucla.edu,213,3321,707 Hermina Crossing
956,Quinu,ted.com,479,955,5521 Sheridan Point
957,Izio,npr.org,222,4383,46814 1st Pass
958,Izio,usgs.gov,636,4550,702 Jay Plaza
959,Pixope,sun.com,133,9164,378 Mariners Cove Park
960,Devpulse,wordpress.com,831,1631,999 Everett Way
961,Aivee,hud.gov,697,9888,19631 Parkside Drive
962,Skajo,washington.edu,394,5629,4889 Gale Trail
963,Topicshots,deliciousdays.com,131,2902,3 Golf Course Circle
964,Dabtype,microsoft.com,19,1268,4826 Jenna Drive
965,Linklinks,tinyurl.com,902,9944,86 Troy Lane
966,Feedbug,51.la,962,3841,4 Sundown Point
967,Realpoint,princeton.edu,843,3750,03616 Swallow Avenue
968,Zoombox,xing.com,6,114,84 Merrick Avenue
969,Babbleblab,timesonline.co.uk,398,7944,693 Steensland Junction
970,Photolist,wisc.edu,319,2445,471 Dapin Junction
971,Photobug,wired.com,362,9429,31893 Portage Circle
972,Twitterbeat,chronoengine.com,426,9728,497 Schiller Parkway
973,Edgeify,tinyurl.com,98,162,8887 Anthes Pass
974,Kayveo,fotki.com,742,1454,9 Springs Alley
975,Eamia,latimes.com,521,9505,4932 Carpenter Lane
976,Abatz,usnews.com,965,7398,3 Green Ridge Junction
977,Gigazoom,aboutads.info,486,6474,38 Brickson Park Place
978,Feedfish,ucoz.ru,486,9245,2 Magdeline Junction
979,Oodoo,slate.com,722,3069,853 Rowland Street
980,Divavu,ucoz.ru,290,7986,46 Lillian Circle
981,Jamia,cargocollective.com,901,7785,88189 Old Gate Park
982,Kazu,hc360.com,332,3639,1042 Debra Terrace
983,Fiveclub,ebay.com,654,5258,964 Pennsylvania Avenue
984,Feedfire,nyu.edu,163,5643,2245 Duke Alley
985,Jatri,un.org,802,1926,521 Delladonna Lane
986,Jaloo,hubpages.com,108,1591,109 Prairieview Center
987,Voonder,scientificamerican.com,673,2948,3 Lyons Road
988,Pixonyx,apple.com,862,5432,0447 Mcguire Way
989,Meetz,domainmarket.com,160,2475,16 Elgar Center
990,Rhynyx,stumbleupon.com,597,499,5068 Blue Bill Park Plaza
991,Rhynyx,about.com,98,4800,37474 Bartelt Place
992,Topiczoom,netscape.com,945,2588,82411 Myrtle Trail
993,Einti,google.es,712,6504,3888 Saint Paul Plaza
994,Twimbo,baidu.com,330,782,8 Holy Cross Pass
995,Vinte,opera.com,743,3558,8734 Macpherson Pass
996,Fiveclub,salon.com,477,612,0 Scofield Alley
997,Edgeify,meetup.com,485,5911,3875 Gulseth Pass
998,Gigaclub,deviantart.com,855,5457,4145 Dovetail Trail
999,Wordpedia,bloglines.com,249,1994,0 Mockingbird Drive
1000,Linkbridge,twitter.com,126,3682,2927 Carioca Road
